,words
0,1
1,2
2,3
3,4
4,5
5,6
6,7
7,8
8,9
9,10
10,11
11,12
12,13
13,14
14,15
15,16
16,17
17,18
18,19
19,20
20,21
21,22
22,23
23,24
24,25
25,26
26,27
27,28
28,29
29,30
30,31
31,32
32,33
33,34
34,35
35,36
36,37
37,38
38,39
39,40
40,41
41,42
42,43
43,44
44,45
45,46
46,47
47,48
48,49
49,50
50,51
51,52
52,53
53,54
54,55
55,56
56,57
57,58
58,59
59,60
60,61
61,62
62,63
63,64
64,65
65,66
66,67
67,68
68,69
69,70
70,71
71,72
72,73
73,74
74,75
75,76
76,77
77,78
78,79
79,80
80,81
81,82
82,83
83,84
84,85
85,86
86,87
87,88
88,89
89,90
90,91
91,92
92,93
93,94
94,95
95,96
96,97
97,98
98,99
99,100
100,101
101,102
102,103
103,104
104,105
105,106
106,107
107,108
108,109
109,110
110,111
111,112
112,113
113,114
114,115
115,116
116,117
117,118
118,119
119,120
120,121
121,122
122,123
123,124
124,125
125,126
126,127
127,128
128,129
129,130
130,131
131,132
132,133
133,134
134,135
135,136
136,137
137,138
138,139
139,140
140,141
141,142
142,143
143,144
144,145
145,146
146,147
147,148
148,149
149,150
150,151
151,152
152,153
153,154
154,155
155,156
156,157
157,158
158,159
159,160
160,161
161,162
162,163
163,164
164,165
165,166
166,167
167,168
168,169
169,170
170,171
171,172
172,173
173,174
174,175
175,176
176,177
177,178
178,179
179,180
180,181
181,182
182,183
183,184
184,185
185,186
186,187
187,188
188,189
189,190
190,191
191,192
192,193
193,194
194,195
195,196
196,197
197,198
198,199
199,200
200,201
201,202
202,203
203,204
204,205
205,206
206,207
207,208
208,209
209,210
210,211
211,212
212,213
213,214
214,215
215,216
216,217
217,218
218,219
219,220
220,221
221,222
222,223
223,224
224,225
225,226
226,227
227,228
228,229
229,230
230,231
231,232
232,233
233,234
234,235
235,236
236,237
237,238
238,239
239,240
240,241
241,242
242,243
243,244
244,245
245,246
246,247
247,248
248,249
249,250
250,251
251,252
252,253
253,254
254,255
255,256
256,257
257,258
258,259
259,260
260,261
261,262
262,263
263,264
264,265
265,266
266,267
267,268
268,269
269,270
270,271
271,272
272,273
273,274
274,275
275,276
276,277
277,278
278,279
279,280
280,281
281,282
282,283
283,284
284,285
285,286
286,287
287,288
288,289
289,290
290,291
291,292
292,293
293,294
294,295
295,296
296,297
297,298
298,299
299,300
300,301
301,302
302,303
303,304
304,305
305,306
306,307
307,308
308,309
309,310
310,311
311,312
312,313
313,314
314,315
315,316
316,317
317,318
318,319
319,320
320,321
321,322
322,323
323,324
324,325
325,326
326,327
327,328
328,329
329,330
330,331
331,332
332,333
333,334
334,335
335,336
336,337
337,338
338,339
339,340
340,341
341,342
342,343
343,344
344,345
345,346
346,347
347,348
348,349
349,350
350,351
351,352
352,353
353,354
354,355
355,356
356,357
357,358
358,359
359,360
360,361
361,362
362,363
363,364
364,365
365,366
366,367
367,368
368,369
369,370
370,371
371,372
372,373
373,374
374,375
375,376
376,377
377,378
378,379
379,380
380,381
381,382
382,383
383,384
384,385
385,386
386,387
387,388
388,389
389,390
390,391
391,392
392,393
393,394
394,395
395,396
396,397
397,398
398,399
399,400
400,401
401,402
402,403
403,404
404,405
405,406
406,407
407,408
408,409
409,410
410,411
411,412
412,413
413,414
414,415
415,416
416,417
417,418
418,419
419,420
420,421
421,422
422,423
423,424
424,425
425,426
426,427
427,428
428,429
429,430
430,431
431,433
432,434
433,435
434,432
435,436
436,437
437,438
438,439
439,440
440,441
441,442
442,443
443,444
444,445
445,446
446,447
447,448
448,449
449,450
450,451
451,452
452,453
453,454
454,455
455,456
456,457
457,458
458,459
459,460
460,461
461,462
462,463
463,464
464,465
465,466
466,467
467,468
468,469
469,470
470,471
471,472
472,473
473,474
474,475
475,476
476,477
477,478
478,479
479,480
480,481
481,482
482,483
483,484
484,485
485,486
486,487
487,488
488,489
489,490
490,491
491,492
492,493
493,494
494,495
495,496
496,497
497,498
498,499
499,500
500,501
501,502
502,503
503,504
504,505
505,506
506,507
507,508
508,509
509,510
510,511
511,512
512,513
513,514
514,515
515,516
516,517
517,518
518,519
519,520
520,521
521,522
522,523
523,524
524,525
525,526
526,527
527,528
528,529
529,530
530,531
531,532
532,533
533,534
534,535
535,536
536,537
537,538
538,539
539,540
540,541
541,542
542,543
543,544
544,545
545,546
546,547
547,548
548,549
549,550
550,551
551,552
552,553
553,554
554,555
555,556
556,557
557,558
558,559
559,560
560,561
561,562
562,563
563,564
564,565
565,566
566,567
567,568
568,569
569,570
570,571
571,572
572,573
573,574
574,575
575,576
576,577
577,578
578,579
579,580
580,581
581,582
582,583
583,584
584,585
585,586
586,587
587,588
588,589
589,590
590,591
591,592
592,593
593,594
594,595
595,596
596,597
597,598
598,599
599,600
600,601
601,602
602,603
603,604
604,605
605,606
606,607
607,608
608,609
609,610
610,611
611,612
612,613
613,614
614,615
615,616
616,617
617,618
618,619
619,620
620,621
621,622
622,623
623,624
624,625
625,626
626,627
627,628
628,629
629,630
630,631
631,632
632,633
633,634
634,635
635,636
636,637
637,638
638,639
639,640
640,641
641,642
642,643
643,644
644,645
645,646
646,648
647,647
648,649
649,650
650,651
651,652
652,653
653,654
654,655
655,656
656,657
657,658
658,659
659,660
660,661
661,662
662,663
663,664
664,665
665,666
666,667
667,668
668,669
669,670
670,671
671,672
672,673
673,674
674,675
675,676
676,677
677,678
678,679
679,680
680,681
681,682
682,683
683,684
684,685
685,686
686,687
687,688
688,689
689,690
690,691
691,692
692,693
693,694
694,695
695,696
696,697
697,698
698,699
699,700
700,701
701,702
702,703
703,704
704,705
705,706
706,707
707,708
708,709
709,710
710,711
711,712
712,713
713,714
714,715
715,716
716,717
717,718
718,719
719,720
720,721
721,722
722,723
723,724
724,725
725,726
726,727
727,728
728,729
729,730
730,731
731,732
732,733
733,734
734,735
735,736
736,737
737,738
738,739
739,740
740,741
741,742
742,743
743,744
744,745
745,746
746,747
747,748
748,749
749,750
750,751
751,752
752,753
753,754
754,755
755,756
756,757
757,758
758,759
759,760
760,761
761,762
762,763
763,764
764,765
765,766
766,767
767,768
768,769
769,770
770,771
771,772
772,773
773,774
774,775
775,776
776,777
777,778
778,779
779,780
780,781
781,782
782,783
783,784
784,785
785,786
786,787
787,788
788,789
789,790
790,791
791,792
792,793
793,794
794,795
795,796
796,797
797,798
798,799
799,800
800,801
801,802
802,803
803,804
804,805
805,806
806,807
807,808
808,809
809,810
810,811
811,812
812,813
813,814
814,815
815,816
816,817
817,818
818,819
819,820
820,821
821,822
822,823
823,824
824,825
825,826
826,827
827,828
828,829
829,830
830,831
831,832
832,833
833,834
834,835
835,836
836,837
837,838
838,839
839,840
840,841
841,842
842,843
843,844
844,845
845,846
846,847
847,848
848,849
849,850
850,851
851,852
852,853
853,854
854,855
855,856
856,857
857,858
858,859
859,860
860,861
861,862
862,863
863,864
864,865
865,866
866,867
867,868
868,869
869,870
870,871
871,872
872,873
873,874
874,875
875,876
876,877
877,878
878,879
879,880
880,881
881,882
882,883
883,884
884,885
885,886
886,887
887,888
888,889
889,890
890,891
891,892
892,893
893,894
894,895
895,896
896,897
897,898
898,899
899,900
900,901
901,902
902,903
903,904
904,905
905,906
906,907
907,908
908,909
909,910
910,911
911,912
912,913
913,914
914,915
915,916
916,917
917,918
918,919
919,920
920,921
921,922
922,923
923,924
924,925
925,926
926,927
927,928
928,929
929,930
930,931
931,932
932,933
933,934
934,935
935,936
936,937
937,938
938,939
939,940
940,941
941,942
942,943
943,944
944,945
945,946
946,947
947,948
948,949
949,950
950,951
951,952
952,953
953,954
954,955
955,956
956,957
957,958
958,959
959,960
960,961
961,962
962,963
963,964
964,965
965,966
966,967
967,968
968,969
969,970
970,971
971,972
972,973
973,974
974,975
975,976
976,977
977,978
978,979
979,980
980,981
981,982
982,983
983,984
984,985
985,986
986,987
987,988
988,989
989,990
990,991
991,992
992,993
993,994
994,995
995,996
996,997
997,998
998,999
999,1000
1000,1001
1001,1002
1002,1003
1003,1004
1004,1005
1005,1006
1006,1007
1007,1008
1008,1009
1009,1010
1010,1011
1011,1012
1012,1013
1013,1014
1014,1015
1015,1016
1016,1017
1017,1018
1018,1019
1019,1020
1020,1021
1021,1022
1022,1023
1023,1024
1024,1025
1025,1026
1026,1027
1027,1028
1028,1029
1029,1030
1030,1031
1031,1032
1032,1033
1033,1034
1034,1035
1035,1036
1036,1037
1037,1038
1038,1039
1039,1040
1040,1041
1041,1042
1042,1043
1043,1044
1044,1045
1045,1046
1046,1047
1047,1048
1048,1049
1049,1050
1050,1051
1051,1052
1052,1053
1053,1054
1054,1055
1055,1056
1056,1057
1057,1058
1058,1059
1059,1060
1060,1061
1061,1062
1062,1063
1063,1064
1064,1065
1065,1066
1066,1067
1067,1068
1068,1069
1069,1070
1070,1071
1071,1072
1072,1073
1073,1074
1074,1075
1075,1076
1076,1077
1077,1078
1078,1079
1079,1080
1080,1081
1081,1082
1082,1083
1083,1084
1084,1085
1085,1086
1086,1087
1087,1088
1088,1089
1089,1090
1090,1091
1091,1092
1092,1093
1093,1094
1094,1095
1095,1096
1096,1097
1097,1098
1098,1099
1099,1100
1100,1101
1101,1102
1102,1103
1103,1104
1104,1105
1105,1106
1106,1107
1107,1108
1108,1109
1109,1110
1110,1111
1111,1112
1112,1113
1113,1114
1114,1115
1115,1116
1116,1117
1117,1118
1118,1119
1119,1120
1120,1121
1121,1122
1122,1123
1123,1124
1124,1125
1125,1126
1126,1127
1127,1128
1128,1129
1129,1130
1130,1131
1131,1132
1132,1133
1133,1134
1134,1135
1135,1136
1136,1137
1137,1138
1138,1139
1139,1140
1140,1141
1141,1142
1142,1143
1143,1144
1144,1145
1145,1146
1146,1147
1147,1148
1148,1149
1149,1150
1150,1151
1151,1152
1152,1153
1153,1154
1154,1155
1155,1156
1156,1157
1157,1158
1158,1159
1159,1160
1160,1161
1161,1162
1162,1163
1163,1164
1164,1165
1165,1166
1166,1167
1167,1168
1168,1169
1169,1170
1170,1171
1171,1172
1172,1173
1173,1174
1174,1175
1175,1176
1176,1177
1177,1178
1178,1179
1179,1180
1180,1181
1181,1182
1182,1183
1183,1184
1184,1185
1185,1186
1186,1187
1187,1188
1188,1189
1189,1190
1190,1191
1191,1192
1192,1193
1193,1194
1194,1195
1195,1196
1196,1197
1197,1198
1198,1199
1199,1200
1200,1201
1201,1202
1202,1203
1203,1204
1204,1205
1205,1206
1206,1207
1207,1208
1208,1209
1209,1210
1210,1211
1211,1212
1212,1213
1213,1214
1214,1215
1215,1216
1216,1217
1217,1218
1218,1219
1219,1220
1220,1221
1221,1222
1222,1223
1223,1224
1224,1225
1225,1226
1226,1227
1227,1228
1228,1229
1229,1230
1230,1231
1231,1232
1232,1233
1233,1234
1234,1235
1235,1236
1236,1237
1237,1238
1238,1239
1239,1240
1240,1241
1241,1242
1242,1243
1243,1244
1244,1245
1245,1246
1246,1247
1247,1248
1248,1249
1249,1250
1250,1251
1251,1252
1252,1253
1253,1254
1254,1255
1255,1256
1256,1257
1257,1258
1258,1259
1259,1260
1260,1261
1261,1262
1262,1263
1263,1264
1264,1265
1265,1266
1266,1267
1267,1268
1268,1269
1269,1270
1270,1271
1271,1272
1272,1273
1273,1274
1274,1275
1275,1276
1276,1277
1277,1278
1278,1279
1279,1280
1280,1281
1281,1282
1282,1283
1283,1284
1284,1285
1285,1286
1286,1287
1287,1288
1288,1289
1289,1290
1290,1291
1291,1292
1292,1293
1293,1294
1294,1295
1295,1296
1296,1297
1297,1298
1298,1299
1299,1300
1300,abase
1301,abashed
1302,abate
1303,aberration
1304,abeyance
1305,abhor
1306,abject
1307,abnegate
1308,abomination
1309,aboriginal
1310,abort
1311,abound
1312,abrasive
1313,abridge
1314,abrogate
1315,abscission
1316,absolute
1317,absolve
1318,abstemious
1319,abstruse
1320,abysmal
1321,accede
1322,accolade
1323,accretion
1324,accumulate
1325,acerbic
1326,acidulous
1327,acme
1328,acquisitive
1329,acrimonious
1330,acumen
1331,adamant
1332,adept
1333,adequate
1334,adhere
1335,admonished
1336,adorned
1337,adroit
1338,adulation
1339,adulterate
1340,adversary
1341,advocate
1342,aegis
1343,aesthetic
1344,affable
1345,affectation
1346,affiliated
1347,affront
1348,aggrandized
1349,aghast
1350,alacrity
1351,algorithm
1352,alleviate
1353,allusion
1354,altruistic
1355,amalgamate
1356,ambiguity
1357,ambivalence
1358,ameliorated
1359,amenable
1360,amicable
1361,amortize
1362,ample
1363,anachronism
1364,analogue
1365,anathema
1366,anile
1367,animosity
1368,annotation
1369,annul
1370,anodyne
1371,anomaly
1372,antedate
1373,antediluvian
1374,antipode
1375,antithesis
1376,apace
1377,apartheid
1378,aplomb
1379,apocryphal
1380,apoplectic
1381,apostle
1382,apothegm
1383,apotheosis
1384,appease
1385,apportion
1386,apposite
1387,approbation
1388,apropos
1389,arbitrary
1390,arcane
1391,arch
1392,archaic
1393,arduous
1394,arid
1395,arrogate
1396,articulate
1397,artifice
1398,artless
1399,ascendancy
1400,ascetic
1401,ashen
1402,askew
1403,asperity
1404,aspersion
1405,aspiration
1406,assail
1407,assiduous
1408,assuage
1409,astray
1410,astute
1411,attenuate
1412,audacious
1413,augment
1414,august
1415,auspicious
1416,austere
1417,authoritative
1418,automaton
1419,autonomous
1420,avaricious
1421,aver
1422,aversion
1423,avuncular
1424,badger
1425,baleful
1426,banal
1427,base
1428,battery
1429,bauble
1430,baying
1431,beatific
1432,beatify
1433,becalm
1434,bedlam
1435,beguile
1436,behemoth
1437,beleaguered
1438,belied
1439,belittle
1440,bellicose
1441,bemoan
1442,beneficence
1443,benign
1444,bereft
1445,beseech
1446,bifurcated
1447,bilious
1448,blasé
1449,blithe
1450,bloviated
1451,bludgeon
1452,bonhomie
1453,boon
1454,boor
1455,bootless
1456,bowdlerize
1457,bravado
1458,brazen
1459,brevity
1460,bromide
1461,brusque
1462,bucolic
1463,bugbear
1464,bulwark
1465,bumptious
1466,bungle
1467,buoyant
1468,burdensome
1469,burgeoning
1470,buttress
1471,bygone
1472,byzantine
1473,cache
1474,cacophony
1475,cadge
1476,cajole
1477,calamitous
1478,callous
1479,callow
1480,calumnious
1481,camaraderie
1482,canard
1483,canny
1484,canonize
1485,capacious
1486,capitulate
1487,capricious
1488,captious
1489,cardinal
1490,caricatured
1491,castigate
1492,caterwaul
1493,causal
1494,celerity
1495,censure
1496,cerebral
1497,chagrin
1498,champion
1499,chary
1500,chicanery
1501,choleric
1502,chronological
1503,churlish
1504,cinematic
1505,circuitous
1506,circumscribed
1507,circumspect
1508,circumvents
1509,clairvoyant
1510,clandestine
1511,clangorous
1512,clemency
1513,climatic
1514,climax
1515,cloying
1516,coalesce
1517,cocksure
1518,coddle
1519,coerced
1520,coeval
1521,cognizant
1522,coherence
1523,cohesive
1524,cohort
1525,coin
1526,collusion
1527,commensurate
1528,commiserate
1529,companionable
1530,complicit
1531,composure
1532,compunction
1533,concession
1534,concoct
1535,concomitant
1536,concord
1537,concupiscence
1538,condign
1539,condones
1540,conferred
1541,confiscate
1542,conflagration
1543,conflate
1544,confound
1545,conglomerate
1546,conniving
1547,connoisseur
1548,conscientious
1549,conspicuous
1550,consternation
1551,contumacious
1552,conundrum
1553,conversant
1554,copious
1555,cordial
1556,cordon
1557,corroborate
1558,cosmopolitan
1559,covert
1560,cowed
1561,craven
1562,credence
1563,credulous
1564,crepuscular
1565,demotic
1566,demur
1567,denigrate
1568,denizen
1569,denuded
1570,depiction
1571,deplete
1572,deplore
1573,depredate
1574,deride
1575,derivative
1576,descry
1577,desecrate
1578,desiccated
1579,despoiled
1580,despot
1581,desuetude
1582,deteriorate
1583,devoid
1584,devolve
1585,devout
1586,dexterity
1587,diabolical
1588,diaphanous
1589,diatribe
1590,dichotomy
1591,didactic
1592,diffident
1593,digression
1594,dilatory
1595,dilettante
1596,dilute
1597,dint
1598,dire
1599,discomfit
1600,disconcert
1601,discreet
1602,discrepancy
1603,discrete
1604,discriminate
1605,disgruntled
1606,dismantle
1607,dismissive
1608,disparage
1609,disparate
1610,dispassionate
1611,dispatch
1612,displacing
1613,disputatious
1614,dissemble
1615,disseminated
1616,distension
1617,dither
1618,diurnal
1619,divergent
1620,divisive
1621,docile
1622,doctrinaire
1623,doggedness
1624,doggerel
1625,dogmatic
1626,dolorous
1627,dormant
1628,dour
1629,draconian
1630,droll
1631,dubious
1632,dudgeon
1633,dupe
1634,duplicitous
1635,dwindle
1636,dyspeptic
1637,ebullient
1638,eclectic
1639,effaced
1640,effete
1641,efficacious
1642,efflorescence
1643,effluvium
1644,effrontery
1645,effusive
1646,egalitarian
1647,egregious
1648,eldritch
1649,emancipate
1650,embellish
1651,embroiled
1652,embryonic
1653,eminent
1654,emollient
1655,emphatic
1656,empirical
1657,encomium
1658,encompass
1659,encroaching
1660,enervating
1661,enigmatic
1662,enmity
1663,ennui
1664,ensorcelled
1665,entitled
1666,entreat
1667,ephemeral
1668,epitome
1669,equivocal
1670,eradicate
1671,ersatz
1672,erstwhile
1673,erudite
1674,eschew
1675,esoteric
1676,espouse
1677,espy
1678,estimable
1679,estranged
1680,ethereal
1681,etiolated
1682,euphemism
1683,eurytopic
1684,evanescent
1685,evinced
1686,exacerbated
1687,exact
1688,exacting
1689,exaggerate
1690,excise
1691,excoriated
1692,exculpated
1693,execrable
1694,exigent
1695,exodus
1696,exorbitant
1697,expatiate
1698,expatriate
1699,expedient
1700,explicate
1701,exponent
1702,expunge
1703,expurgate
1704,extant
1705,extemporaneous
1706,extenuating
1707,extirpate
1708,extol
1709,extraneous
1710,extrapolate
1711,exult
1712,fabricate
1713,facetious
1714,fallible
1715,fanatic
1716,farce
1717,fastidious
1718,fatuous
1719,fawning
1720,feckless
1721,fecund
1722,feign
1723,felicity
1724,ferret
1725,fervor
1726,festoon
1727,fetid
1728,fiasco
1729,filial
1730,fillip
1731,finagled
1732,finicky
1733,fitful
1734,flagrant
1735,fleeting
1736,flippant
1737,florid
1738,flotilla
1739,flotsam
1740,flounder
1741,flourish
1742,flouted
1743,fluctuate
1744,flummoxed
1745,foible
1746,foment
1747,forage
1748,forbearance
1749,foreground
1750,forestall
1751,formidable
1752,fortitude
1753,fortuitous
1754,fracas
1755,fractious
1756,fraternize
1757,frenetic
1758,froward
1759,frugal
1760,fruition
1761,fudge
1762,fuliginous
1763,fulsome
1764,funereal
1765,furor
1766,furtive
1767,gadfly
1768,gaffe
1769,gainsay
1770,gallant
1771,gambit
1772,gamboled
1773,garble
1774,gargantuan
1775,garrulous
1776,gauche
1777,gaudy
1778,genial
1779,germane
1780,germinate
1781,ghastly
1782,gild
1783,glacial
1784,glancing
1785,glaring
1786,glowered
1787,glut
1788,goosebumps
1789,gossamer
1790,grandiloquent
1791,grandiose
1792,grandstand
1793,grasping
1794,grating
1795,gravitas
1796,gregarious
1797,grisly
1798,grouse
1799,grovel
1800,gumption
1801,guttural
1802,hackneyed
1803,haggard
1804,halcyon
1805,hallowed
1806,hapless
1807,haptic
1808,harangue
1809,harbinger
1810,hardscrabble
1811,harmonious
1812,harried
1813,harrow
1814,haughty
1815,headlong
1816,hector
1817,hegemony
1818,heinous
1819,herald
1820,hermetic
1821,heterodox
1822,heterogeneous
1823,heyday
1824,hiatus
1825,hidebound
1826,hirsute
1827,histrionic
1828,hodgepodge
1829,holistic
1830,homespun
1831,homogeneous
1832,hortatory
1833,hubris
1834,humbuggery
1835,humdrum
1836,husbandry
1837,iconoclast
1838,ideological
1839,idiosyncrasy
1840,idyllic
1841,ignominy
1842,illiberal
1843,illusory
1844,imbroglio
1845,imminent
1846,immure
1847,immutable
1848,impassive
1849,impeccable
1850,impecunious
1851,impeded
1852,impenetrable
1853,imperative
1854,imperious
1855,imperturbable
1856,impetuous
1857,impetus
1858,impinge
1859,implacable
1860,implication
1861,implicit
1862,imploring
1863,importune
1864,impregnable
1865,imprimatur
1866,impromptu
1867,impudence
1868,impugn
1869,inalienable
1870,inane
1871,incandescent
1872,incensed
1873,inchoate
1874,incipient
1875,incisive
1876,incoherent
1877,incorporate
1878,incorrigible
1879,inculcate
1880,incumbent
1881,indefatigable
1882,indictment
1883,indigenous
1884,indignant
1885,indomitable
1886,industrious
1887,ineffable
1888,ineluctable
1889,inestimable
1890,inexorable
1891,infinitesimal
1892,influx
1893,ingenious
1894,ingenuous
1895,ingrained
1896,ingratiate
1897,inimical
1898,inimitable
1899,innate
1900,innocuous
1901,inordinate
1902,inscrutable
1903,insinuate
1904,insipid
1905,insolence
1906,insular
1907,integrate
1908,interloper
1909,intimate
1910,intrepid
1911,intrinsic
1912,intrusive
1913,inundated
1914,inveigh
1915,inveigle
1916,invidious
1917,inviolate
1918,irascible
1919,irk
1920,ironic
1921,irresolute
1922,jargon
1923,jejune
1924,jettison
1925,jingoism
1926,jocose
1927,judicious
1928,juggernaut
1929,juvenescence
1930,juxtapose
1931,kindle
1932,kindred
1933,kismet
1934,kowtow
1935,lachrymose
1936,lackadaisical
1937,laconic
1938,lampoon
1939,languid
1940,largess
1941,lassitude
1942,latent
1943,laudable
1944,lax
1945,legerdemain
1946,lenient
1947,levity
1948,licentious
1949,lionized
1950,listless
1951,logorrhea
1952,loquacious
1953,lovelorn
1954,lucid
1955,lucre
1956,ludicrous
1957,lugubrious
1958,lumber
1959,luminary
1960,lurid
1961,macabre
1962,macerate
1963,machination
1964,maelstrom
1965,magisterial
1966,magnanimous
1967,magnate
1968,makeshift
1969,malevolent
1970,malfeasance
1971,malign
1972,malinger
1973,malleable
1974,manacle
1975,mandate
1976,manifold
1977,marginal
1978,marshal
1979,maudlin
1980,mawkish
1981,meager
1982,meddle
1983,meld
1984,mellifluous
1985,melodramatic
1986,mendacity
1987,mendicant
1988,menial
1989,mephitic
1990,mercenary
1991,mercurial
1992,meretricious
1993,meterological
1994,meticulous
1995,mettle
1996,miasma
1997,microcosm
1998,milieu
1999,milquetoast
2000,mimetic
2001,minatory
2002,minion
2003,misanthrope
2004,miscreant
2005,miserly
2006,misnomer
2007,mitigate
2008,modicum
2009,modish
2010,monastic
2011,morass
2012,morbid
2013,mordant
2014,mores
2015,moribund
2016,morose
2017,motile
2018,motley
2019,multifaceted
2020,mundane
2021,munificent
2022,myopic
2023,myriad
2024,nadir
2025,naivete
2026,nascent
2027,nebulous
2028,neophyte
2029,nepotism
2030,nettle
2031,newfangled
2032,noisome
2033,non sequitur
2034,nonchalant
2035,nondescript
2036,nonpareil
2037,nonplussed
2038,nontrivial
2039,normative
2040,nostalgia
2041,nostrum
2042,notorious
2043,novel
2044,novitiate
2045,noxious
2046,nuance
2047,nugatory
2048,obdurate
2049,obeisance
2050,obfuscated
2051,objectionable
2052,objective
2053,objurgation
2054,obloquy
2055,obsequious
2056,obstinate
2057,obstreperous
2058,obtrusive
2059,occluded
2060,odious
2061,officious
2062,offset
2063,ogle
2064,omission
2065,omniscient
2066,onus
2067,opaque
2068,openhanded
2069,opine
2070,opportune
2071,opprobrium
2072,opulent
2073,ornate
2074,orthodox
2075,oscillate
2076,ossified
2077,ostentatious
2078,ostracized
2079,otiose
2080,outmoded
2081,outstrip
2082,overshadow
2083,overweening
2084,pacific
2085,painstaking
2086,palatable
2087,palatial
2088,palimpsest
2089,pall
2090,palliate
2091,pallid
2092,panacea
2093,pander
2094,pangs
2095,panned
2096,paradigm
2097,paragon
2098,pariah
2099,parley
2100,parochial
2101,parody
2102,paroxysm
2103,parsimonious
2104,partiality
2105,partisan
2106,pastiche
2107,pathos
2108,patois
2109,paucity
2110,pedantic
2111,pedestrian
2112,peevish
2113,penchant
2114,pendulous
2115,penitent
2116,penurious
2117,penury
2118,peons
2119,peregrinate
2120,peremptory
2121,perennial
2122,perfidy
2123,perfunctory
2124,peripatetic
2125,peripheral
2126,permeated
2127,permutation
2128,pernicious
2129,perquisites
2130,personified
2131,perspicacious
2132,pertinacious
2133,perturb
2134,pervasive
2135,perverse
2136,petulant
2137,philander
2138,phlegmatic
2139,physiological
2140,picaresque
2141,picayune
2142,picturesque
2143,piebald
2144,pilfer
2145,pillory
2146,pinnacle
2147,pioneering
2148,piquant
2149,pitfall
2150,pith
2151,pittance
2152,pivotal
2153,placate
2154,plaintive
2155,platitude
2156,platonic
2157,plaudits
2158,plausible
2159,plebeian
2160,plenipotentiary
2161,pluck
2162,plutocracy
2163,polarize
2164,polemic
2165,politesse
2166,politic
2167,pomp
2168,ponderous
2169,portentous
2170,poseur
2171,posit
2172,posthumous
2173,pragmatic
2174,prattle
2175,precarious
2176,precocious
2177,precursor
2178,predilection
2179,premonition
2180,prescient
2181,pretext
2182,prevarication
2183,primed
2184,primordial
2185,pristine
2186,proclivity
2187,prodigal
2188,prodigious
2189,profane
2190,profligacy
2191,profound
2192,profuse
2193,progenitors
2194,prognosticate
2195,proliferate
2196,prolific
2197,prolix
2198,prominent
2199,promulgate
2200,pronounced
2201,propagate
2202,propensity
2203,prophetic
2204,propitious
2205,propriety
2206,prosaic
2207,protean
2208,providential
2209,provincial
2210,prowess
2211,proximity
2212,prudent
2213,puerile
2214,pugnacious
2215,pulchritude
2216,punctilious
2217,pungent
2218,punitive
2219,purist
2220,pusillanimous
2221,putrid
2222,quagmire
2223,quail
2224,quandary
2225,quash
2226,querulous
2227,quiescent
2228,quintessential
2229,quixotic
2230,quizzical
2231,quotidian
2232,raconteur
2233,ragamuffin
2234,raiment
2235,ramification
2236,rampant
2237,rancorous
2238,rankled
2239,rapacious
2240,rapt
2241,rapturous
2242,rarefied
2243,rash
2244,raucous
2245,raze
2246,readily
2247,realization
2248,reap
2249,rebuttal
2250,recalcitrant
2251,recant
2252,recapitulated
2253,recidivist
2254,reclusive
2255,recondite
2256,recrudescent
2257,rectitude
2258,redouble
2259,redress
2260,reductive
2261,redundant
2262,refracted
2263,refractory
2264,refulgent
2265,refute
2266,rejuvenated
2267,relinquish
2268,relish
2269,remedial
2270,reminiscent
2271,remiss
2272,remunerated
2273,renowned
2274,repertoire
2275,replete
2276,reprehensible
2277,reprobate
2278,reprove
2279,repudiate
2280,repugnant
2281,requisite
2282,resigned
2283,resilient
2284,resolute
2285,resonant
2286,respite
2287,resplendent
2288,restitution
2289,restive
2290,resurgence
2291,reticent
2292,retiring
2293,retrenchment
2294,retrospection
2295,revamp
2296,revanche
2297,reverberate
2298,reverent
2299,revile
2300,revulsion
2301,rhapsodize
2302,rhetorical
2303,rickety
2304,rift
2305,riposte
2306,risible
2307,risque
2308,roborant
2309,robust
2310,rotund
2311,row
2312,rudimentary
2313,ruffian
2314,ruminate
2315,saccharine
2316,sacrosanct
2317,salacious
2318,salient
2319,salubrious
2320,salutary
2321,sangfroid
2322,sanguine
2323,sap
2324,sapid
2325,sapient
2326,sardonic
2327,sashayed
2328,satiated
2329,scanty
2330,scapegoat
2331,scathing
2332,schadenfreude
2333,schism
2334,scintillating
2335,sclerotic
2336,scofflaw
2337,scotch
2338,scrupulous
2339,scrutinize
2340,scuffle
2341,scurrilous
2342,scuttle
2343,secretes
2344,sectarian
2345,secular
2346,sedentary
2347,sedulous
2348,segue
2349,self-styled
2350,semblance
2351,seminal
2352,sententious
2353,sentient
2354,sequacious
2355,sere
2356,serendipity
2357,servile
2358,sham
2359,shard
2360,shelve
2361,shirk
2362,showy
2363,shrewd
2364,simper
2365,simulacrum
2366,sinuous
2367,skittish
2368,skulduggery
2369,skulk
2370,slake
2371,slander
2372,slatternly
2373,slipshod
2374,slothful
2375,slovenly
2376,sojourn
2377,solecism
2378,solicitous
2379,solidarity
2380,solipsistic
2381,somnolent
2382,sonorous
2383,sophistry
2384,sophomoric
2385,soporific
2386,sordid
2387,soupcon
2388,sovereign
2389,sparing
2390,sparse
2391,specious
2392,spendthrift
2393,splenetic
2394,spurious
2395,squalid
2396,squelch
2397,stalwart
2398,stanch
2399,staple
2400,statuesque
2401,staunch
2402,steadfast
2403,stigmas
2404,stilted
2405,stolid
2406,storied
2407,stratagem
2408,streamlined
2409,strenuous
2410,stricture
2411,strident
2412,stringent
2413,stultify
2414,stupefied
2415,subjective
2416,sublime
2417,subsequent
2418,subsidy
2419,substantiate
2420,subversive
2421,subvert
2422,succor
2423,succumb
2424,sullen
2425,sumptuary
2426,superficial
2427,supplant
2428,surly
2429,surmise
2430,surpassing
2431,surreptitious
2432,susceptible
2433,swathe
2434,sybarite
2435,sycophant
2436,synergy
2437,synoptic
2438,syntax
2439,taciturn
2440,tangible
2441,taxonomic
2442,temerity
2443,temperance
2444,tempestuous
2445,temporal
2446,tenable
2447,tendentious
2448,tensile
2449,tenuous
2450,tepid
2451,terse
2452,timorous
2453,tirade
2454,titular
2455,tonic
2456,toothsome
2457,torpid
2458,tortuous
2459,totalitarian
2460,touted
2461,tranquil
2462,transgression
2463,transitory
2464,treacly
2465,tremulous
2466,trepidation
2467,trifling
2468,truculent
2469,truncated
2470,tumid
2471,tumultuous
2472,turbid
2473,turgid
2474,turpitude
2475,ubiquitous
2476,umbrage
2477,unadorned
2478,unassuming
2479,unbridled
2480,unconscionable
2481,unconventional
2482,unctuous
2483,uncultivated
2484,undermine
2485,underscore
2486,understated
2487,undulate
2488,uniform
2489,unkempt
2490,unpretentiousness
2491,unpropitious
2492,unruly
2493,unsavory
2494,untenable
2495,untoward
2496,unwieldy
2497,upbraided
2498,urbane
2499,usurious
2500,usurp
2501,utilitarian
2502,utopian
2503,vacuous
2504,vainglorious
2505,vanquished
2506,vapid
2507,variegated
2508,vaunted
2509,vehement
2510,venal
2511,veracious
2512,verbose
2513,verboten
2514,verisimilar
2515,vernacular
2516,vertiginous
2517,vestige
2518,vex
2519,vicarious
2520,vigilant
2521,vilify
2522,vindicate
2523,vindictive
2524,virtuoso
2525,virulent
2526,viscous
2527,vitiate
2528,vitriolic
2529,vituperated
2530,vivacious
2531,vocation
2532,vociferous
2533,volatile
2534,volition
2535,voluminous
2536,voracious
2537,voyeur
2538,waffle
2539,wan
2540,wane
2541,wanting
2542,waspish
2543,watershed
2544,wax
2545,welter
2546,whet
2547,whimsical
2548,willful
2549,wily
2550,winnow
2551,winsome
2552,wistful
2553,wizened
2554,wont
2555,woo
2556,workmanlike
2557,worldly
2558,wrongheaded
2559,wry
2560,zealous
2561,zenith
2562,zephyr
2563,
2601,abet
2603,abjure
2605,abreast
2606,abstain
2607,accentuate
2608,accessible
2609,acclaim
2610,acolyte
2611,acquiesce
2615,admonish
2621,affinity
2622,aggrandize
2624,alienate
2626,allusive
2627,aloof
2630,ambivalent
2631,ameliorate
2633,amend
2634,amorphous
2635,anachronistic
2636,analogous
2637,animus
2638,anoint
2639,anomalous
2641,antipathy
2643,apathy
2644,apologist
2648,apt
2653,arresting
2655,ascertain
2657,ascribe
2659,assertive
2661,astringent
2670,banish
2671,baroque
2673,befuddled
2674,belie
2675,belligerent
2676,beneficent
2677,benevolent
2679,berate
2680,betray
2682,bogus
2683,boisterous
2684,bolster
2685,boorish
2687,bridle
2688,brook
2691,burgeon
2694,cacophonous
2695,calumny
2696,candid
2701,cataclysmic
2702,caustic
2703,cavalier
2706,chastise
2707,chauvinistic
2708,cherish
2710,chivalrous
2712,circumscribe
2714,clamorous
2716,clangor
2717,cloak
2719,coercion
2720,cogent
2722,collaborate
2723,comity
2724,commence
2726,compelling
2727,competent
2728,complacent
2729,complementary
2730,comply
2731,compromise
2732,conciliatory
2733,condone
2735,congenial
2736,conjectural
2738,consensus
2740,construe
2741,contempt
2742,contend
2743,contentious
2744,contravene
2745,contrite
2746,convalescent
2747,conventional
2748,convivial
2749,convoluted
2752,correlate
2755,countenance
2757,covet
2759,credible
2760,crestfallen
2761,cumbersome
2763,cunning
2764,curb
2765,cursory
2766,curtail
2767,daunting
2768,dawdle
2769,dearth
2770,debilitating
2771,debunk
2772,decadent
2773,decorum
2774,decry
2775,deference
2776,deflect
2777,deft
2778,deify
2779,deleterious
2780,deliberate
2782,denounce
2785,desiccate
2786,despotic
2787,desultory
2788,deviate
2791,dictate
2794,diffuse
2797,diminutive
2798,discernible
2800,discount
2803,disingenuous
2804,disinterested
2807,disseminate
2808,dissent
2809,dissident
2810,distill
2811,distort
2812,distressed
2814,divorced
2815,divulge
2816,documentary
2817,dogged
2823,duress
2824,dwindling
2826,eccentric
2827,eclipse
2828,economy
2829,edify
2832,elated
2833,elementary
2834,elicit
2835,elitist
2836,elucidate
2839,emulate
2840,enchant
2841,encyclopedic
2842,enervate
2843,engender
2846,entrenched
2848,equitable
2849,equivocate
2850,erratic
2852,escalate
2856,euphoric
2857,evade
2859,evasive
2860,evoke
2861,exacerbate
2863,exasperated
2864,exculpate
2865,exhaustive
2866,exhilarating
2867,exonerate
2868,exorcise
2869,exotic
2871,expedite
2872,explicable
2873,exploitative
2876,extravagant
2879,fallacious
2881,falter
2882,fanciful
2884,fawn
2885,feasible
2888,feeble
2890,felicitous
2891,fervent
2892,fervid
2894,fester
2896,flamboyant
2898,flout
2900,foil
2902,foolhardy
2903,forbear
2904,foreseeable
2906,forsake
2908,fret
2909,frivolous
2910,fruitful
2911,fungible
2913,futile
2916,galvanize
2918,gawky
2919,glib
2920,glum
2921,gratify
2923,hamper
2924,haphazard
2926,headstrong
2927,heed
2930,hinder
2935,hyperbole
2936,iconoclastic
2940,impair
2941,impede
2943,impertinent
2946,improvise
2948,inborn
2949,incendiary
2950,incessant
2951,inclined
2952,incongruous
2953,incredulous
2955,indiscriminate
2956,indispensable
2957,indolent
2959,inform
2961,inhibit
2967,interchangeable
2968,intermittent
2969,intertwined
2971,intransigent
2974,inundate
2975,invasive
2977,inveterate
2979,invigorate
2982,ire
2983,irksome
2984,ironclad
2986,irreverent
2987,jeopardize
2991,lament
2993,largesse
2996,lethargic
2997,liability
2998,libertine
2999,limpid
3000,lionize
3001,loathe
3004,lucrative
3005,lull
3011,manifest
3012,marginalize
3017,metaphorical
3019,mettlesome
3020,mimic
3021,minute
3022,misanthropic
3026,modest
3028,mollify
3029,momentary
3030,monotonous
3035,naive
3037,negligent
3039,nettlesome
3040,neutralize
3041,noble
3045,nullify
3046,numinous
3048,oblivious
3049,obscure
3051,obsolete
3053,obviate
3054,omnipresent
3055,onerous
3059,oust
3061,overt
3063,palpable
3065,panache
3066,paradigmatic
3069,partial
3070,patent
3071,peculiar
3074,pellucid
3075,pensive
3079,perilous
3082,perpetrate
3083,perpetuate
3085,pertinent
3089,pious
3090,pithy
3092,placid
3094,plastic
3096,pliant
3097,plodding
3098,poignant
3100,polemical
3101,polymath
3102,portend
3104,precipitate
3105,precipitous
3106,preclude
3107,predicament
3109,premeditate
3111,presumptuous
3112,pretentious
3113,prevaricate
3114,prime
3116,probity
3120,proficient
3121,profligate
3123,profundity
3134,provocative
3140,qualm
3142,quirky
3144,radical
3146,rational
3147,reconcile
3149,recourse
3151,refine
3153,regress
3154,reiterate
3158,renege
3159,renounce
3160,repercussion
3161,replenish
3162,reproach
3169,sagacious
3172,sanctimonious
3173,sanction
3175,satirical
3176,scant
3180,scorn
3183,sensational
3184,sever
3186,skirt
3188,skullduggery
3190,slight
3191,sluggish
3193,sophisticated
3195,sound
3196,spartan
3199,sporadic
3202,stern
3203,stigmatize
3204,stinting
3205,stoic
3206,strife
3209,subordinate
3210,subservient
3211,subside
3212,subsume
3213,subtle
3216,superfluous
3217,supersede
3218,supplicate
3219,surmount
3223,tact
3224,tangential
3225,tantalizing
3226,tantamount
3227,tarnish
3228,temper
3233,tentative
3236,thorough
3239,torpor
3241,tout
3242,tractable
3245,transient
3247,trenchant
3249,trivial
3251,turbulent
3257,universal
3258,unprecedented
3259,unscrupulous
3260,unseemly
3261,upbraid
3264,utterly
3265,vacillate
3266,vanquish
3269,venerate
3270,veracity
3272,verisimilitude
3273,veritable
3274,versatile
3275,vexation
3276,viable
3279,visionary
3285,wary
3286,wayward
3287,weary
3288,woeful
3900,aberrant
3903,aboveboard
3911,acrimony
3913,adjudicate
3915,admonitory
3917,aesthete
3920,affluent
3921,afford
3923,altruism
3924,amalgam
3925,ambiguous
3929,amiable
3931,amply
3932,amuck
3936,anemic
3941,antedated
3942,antic
3944,antiquated
3945,antithetical
3946,apathetic
3948,apex
3949,aphorism
3950,aphoristic
3953,apogee
3954,apostate
3958,appreciable
3959,apprehension
3960,approbatory
3961,appropriate
3962,appurtenant
3968,arrant
3969,arriviste
3971,artful
3974,artlessness
3978,askance
3981,assiduously
3983,atavism
3986,audacity
3990,autocratic
3991,autonomously
3992,avarice
3994,avert
3995,avid
3998,balk
4000,banality
4003,bastardization
4005,becoming
4006,beg
4007,begrudge
4008,behooves
4014,benighted
4017,besiege
4018,besmirch
4019,besotted
4022,blatant
4023,bleak
4024,blinkered
4031,bristle
4032,broadside
4035,browbeat
4036,brusquely
4037,buck
4039,bumbling
4043,cadaverous
4048,candidness
4052,carping
4054,cataclysm
4055,catalyst
4056,catholic
4058,cede
4060,censor
4065,charlatan
4068,chauvinism
4069,chauvinist
4070,check
4071,checkered
4072,chimera
4075,chortle
4078,circumvent
4084,colossal
4085,commendable
4088,complaisant
4091,compound
4092,concede
4093,conciliate
4095,conducive
4100,consecrate
4102,constituent
4103,constraint
4105,consummate
4106,contemptuous
4108,contingent
4110,contrition
4111,contrive
4116,cornucopia
4117,corollary
4120,cosseted
4121,coterminous
4122,countermand
4123,cow
4126,creditable
4127,credulity
4129,cryptic
4130,crystallize
4131,culminate
4132,culpability
4134,cupidity
4135,curmudgeon
4137,debase
4138,debonair
4140,decimation
4141,decorous
4144,deferential
4145,defray
4146,degrade
4147,deign
4148,delegate
4151,delineate
4152,demean
4153,demonstrative
4155,demure
4157,denote
4158,denouement
4159,derelict
4161,derisive
4163,derive
4164,derogative
4167,desideratum
4169,destitute
4170,deter
4171,detrimental
4175,dictatorial
4177,differentiate
4179,dilapidated
4182,diligent
4184,disabuse
4185,disaffected
4186,discord
4190,discursive
4191,disenfranchise
4192,disheartened
4198,dispensation
4201,dissipate
4202,dissolution
4204,dog
4206,doleful
4208,doughty
4209,dovetail
4211,duplicity
4216,economical
4217,edifying
4218,effervescent
4221,egotist
4223,eke
4224,elaborate
4225,elegiac
4228,elude
4229,elusive
4234,empathetic
4235,empiricism
4237,enamor
4238,encumber
4239,endemic
4242,enjoin
4244,enormity
4245,enthrall
4246,entice
4248,enumerate
4250,epigram
4251,epiphany
4252,eponym
4257,err
4258,errant
4267,euphoria
4270,evenhanded
4273,exalt
4274,exasperate
4275,excoriate
4276,excruciating
4277,execrate
4278,exegesis
4279,exemplar
4280,exemplify
4281,exhort
4282,exiguity
4285,expansive
4286,expound
4293,facile
4294,factious
4295,factitious
4301,fell
4303,fete
4304,fickle
4305,finagle
4306,firebrand
4307,flag
4308,fledgling
4309,fleece
4312,flummox
4313,flush
4314,flux
4318,forlorn
4319,forthcoming
4320,forthright
4325,frustrate
4329,gall
4335,genteel
4337,gerrymander
4338,glean
4341,goad
4343,graft
4347,guffaw
4348,guileless
4351,hagiographic
4352,hail
4355,hamstrung
4360,hauteur
4362,hedge
4364,heretic
4367,hoary
4368,hobble
4370,hoodwink
4371,hound
4377,ignoble
4378,ignominious
4379,illicit
4380,illustrious
4381,imbibe
4383,immaterial
4386,impartial
4390,impending
4392,impermeable
4394,impervious
4397,implausible
4398,implicate
4399,imponderable
4400,importuned
4402,improvident
4403,imprudent
4404,impudent
4406,impute
4407,inadvertent
4408,inanity
4409,inarticulate
4410,incense
4414,inclement
4416,incontrovertible
4419,indecorous
4420,indict
4421,indifference
4423,indigent
4428,inequity
4430,infelicitous
4431,inflammable
4432,ingenuity
4437,inkling
4440,insidious
4442,insolent
4443,insolvent
4444,insouciance
4445,insufferable
4447,internecine
4449,intimation
4453,inure
4454,invective
4457,inviolable
4459,involved
4462,irrefutable
4464,irrevocable
4465,itinerant
4467,jaundice
4470,jingoist
4471,jocular
4472,jovial
4473,jubilant
4475,junta
4478,laborious
4479,lacerate
4482,lambast
4485,languish
4487,lascivious
4489,leery
4493,litany
4494,loath
4498,machinate
4501,maintain
4502,maladroit
4503,malady
4504,malapropism
4507,malingerer
4509,malodorous
4510,martial
4511,martinet
4513,maunder
4514,maverick
4516,maxim
4517,meander
4518,melancholy
4519,melee
4524,mesmerize
4525,meteoric
4529,misattribute
4530,misconstrue
4532,miser
4533,misogynist
4537,moment
4538,moot
4542,morph
4543,mulct
4546,muted
4550,negligible
4557,objurgate
4558,obliging
4559,oblique
4564,obtain
4565,obtuse
4568,opulence
4570,ossify
4572,ostracize
4575,palaver
4579,panegyric
4580,paradoxical
4585,parvenu
4586,pastoral
4588,patronize
4590,pecuniary
4594,pejorative
4597,percipient
4605,perquisite
4609,peruse
4611,phantasmagorical
4612,philistine
4616,pine
4626,ploy
4627,plucky
4630,Pollyannaish
4632,pontificate
4635,powwow
4638,precedent
4644,preempt
4645,preemptive
4646,prescience
4647,presentiment
4648,presumption
4650,prevail
4652,primacy
4659,profusion
4660,prognostication
4662,prolixity
4664,propitiate
4666,proponent
4668,proscribe
4669,proselytize
4671,provident
4673,provisional
4676,puissant
4678,pundit
4679,pyrrhic
4681,qualify
4685,quip
4686,quisling
4690,raffish
4691,raft
4692,raillery
4693,rakish
4694,rankle
4695,rapprochement
4698,ravenous
4699,rebuke
4700,recapitulation
4703,recrimination
4704,recrudesce
4705,redoubtable
4709,relegate
4711,remonstrate
4714,reprisal
4718,rescind
4719,reservation
4720,resignation
4721,resolve
4724,resurgent
4727,retract
4729,ribald
4730,rile
4734,rustic
4741,sartorial
4742,saturnine
4743,savvy
4746,screed
4749,self-effacing
4752,sentimental
4754,serene
4756,sinecure
4757,slapdash
4758,smattering
4759,smug
4760,snide
4761,snub
4764,solicitude
4773,spurn
4774,squander
4776,staid
4778,start
4781,stem
4782,stipend
4786,stymie
4788,subterfuge
4791,summit
4792,supercilious
4795,surfeit
4804,tawdry
4805,taxing
4806,telling
4807,telltale
4810,tempered
4812,tenacious
4814,tender
4815,thoroughgoing
4816,thrifty
4817,thwart
4826,transmute
4827,travail
4828,travesty
4829,treacherous
4831,tribulation
4832,trite
4833,truculence
4835,truncate
4836,tumult
4839,tyro
4841,unassailable
4842,uncanny
4843,uncompromising
4847,underwrite
4848,unequivocal
4849,unflappable
4850,unforthcoming
4851,unimpeachable
4852,unnerve
4854,unprepossessing
4859,unstinting
4862,untrammeled
4863,unviable
4869,variance
4872,venality
4873,veneer
4875,venial
4880,vicissitude
4881,vie
4885,virago
4886,vitriol
4888,vituperate
4890,volubility
4893,wanton
4897,zeitgeist
5202,abdicate
5211,abscond
5213,abyss
5219,activism
5224,adumbrate
5225,adverse
5227,aerie
5232,aggregate
5234,albeit
5244,analgesia
5246,anarchy
5251,antagonize
5259,apprise
5262,arbiter
5265,ardent
5269,artifact
5274,aseptic
5276,aspersions
5281,attuned
5284,augury
5291,axiom
5293,balloon
5295,bane
5301,bent
5303,bevy
5304,bifurcate
5305,bilk
5306,blight
5310,bombastic
5313,brandish
5316,buffer
5317,bureaucracy
5319,burnish
5326,canonical
5329,cartography
5340,clamber
5341,clamor
5342,clinch
5344,coagulate
5346,coda
5347,coffer
5349,collude
5351,compendium
5355,compliant
5358,concur
5360,confer
5363,connote
5364,console
5365,consolidate
5366,constrict
5369,contextualize
5370,contraries
5374,converge
5376,conversely
5377,convoke
5382,cosset
5383,coterie
5385,counterintuitive
5386,counterpoint
5387,counterproductive
5389,crafty
5391,credibility
5393,crescendo
5397,cynical
5398,daunt
5401,declaim
5402,declivity
5404,deem
5405,deface
5406,default
5410,delimit
5412,demagogue
5420,detached
5421,deterrent
5425,dictum
5429,digress
5430,dilate
5433,din
5434,dirge
5436,discerning
5437,discomfiting
5438,discordant
5439,discredit
5442,discriminating
5445,disjointed
5446,dismiss
5451,disperse
5452,disposition
5453,disquieting
5458,dissonance
5459,distaff
5460,distend
5464,diverge
5465,divest
5466,divine
5468,document
5469,doff
5470,dogma
5478,e.g.
5481,echelon
5485,efficacy
5486,effigy
5490,egress
5492,elegy
5493,elevate
5495,eloquent
5496,emaciate
5505,enhance
5506,enigma
5507,entitlement
5510,epicure
5511,equanimity
5515,erroneous
5522,ethos
5523,eulogy
5525,euphony
5533,explicit
5540,facilitate
5541,faction
5543,fallow
5544,fanatical
5547,fathom
5555,fidelity
5556,figurative
5557,finesse
5563,fluke
5566,ford
5567,foreshadow
5569,forfeit
5570,fortify
5575,fringe
5577,fulminate
5581,gambol
5582,garner
5587,gestation
5588,gist
5591,glower
5594,gouge
5595,gradation
5601,grievous
5604,guile
5607,hallmark
5608,handwringing
5611,hardy
5613,haven
5614,hearken
5616,hedonist
5620,hew
5621,hierarchy
5624,homage
5627,hotly
5628,husband
5629,hyberbole
5632,idolatry
5635,illiberality
5636,imbue
5641,impasse
5650,impious
5654,implode
5655,imprecation
5659,inasmuch
5660,incarnadine
5662,incentive
5666,inconsequential
5667,inconstancy
5671,indeterminate
5672,indifferent
5673,indigence
5675,inert
5677,infallible
5681,ingrate
5683,inherent
5685,iniquity
5688,inquest
5689,insensible
5693,insurrection
5694,intelligible
5695,inter
5696,interplay
5697,interregnum
5698,intractable
5706,investiture
5711,itinerary
5717,juncture
5719,keen
5721,kinetic
5722,knell
5723,kudos
5725,lackluster
5729,landmark
5731,larceny
5732,largess or largesse
5736,lavish
5738,layperson
5743,levy
5744,liberal
5747,likewise
5750,lissome
5752,livid
5753,log
5759,luminous
5761,"machination or
machinations"
5766,malediction
5770,mannered
5771,mar
5776,mendacious
5780,metamorphosis
5781,metaphysical
5784,militate
5785,mired
5786,mirth
5787,misanthrope or misanthropist
5788,missive
5794,molt
5796,monotony
5797,moreover
5800,multifarious
5805,naïve
5807,negate
5808,neologism
5810,net
5812,nevertheless or nonetheless
5814,nominal
5817,notoriety
5827,occlude
5828,occult
5829,offhand
5836,optimal
5837,optimum
5838,orotund
5842,ostensible or ostensive
5846,overwrought
5852,panoply
5854,paradox
5856,pare
5859,parry
5864,pathogenic
5865,pathological
5866,patronizing
5868,peccadillo
5869,pedant
5870,peddle
5876,penumbra
5878,per se
5881,perfidious
5885,permeate
5889,phalanx
5890,philanthropy
5893,phony
5901,plebian
5902,plethora
5904,plummet
5906,polarized
5909,polyglot
5913,potentate
5916,pre-empt
5917,preamble
5920,précis
5923,predisposed
5925,presumptive
5928,preternatural
5931,principled
5940,prohibitive
5943,prologue
5953,prospective
5955,proxy
5958,pugilism
5960,puissance
5964,qualified
5967,quibble
5972,ranks
5974,reactant
5978,recapitulate
5979,recluse
5982,redound
5987,rejoinder
5990,rend
5991,render
5992,repast
5993,repertorial
5995,repose
5999,requite
6001,resolution
6003,respectively
6007,retrospective
6010,rhetoric
6012,ridden
6013,rife
6015,rococo
6017,rue
6028,satiate or sate
6029,saturate
6030,savant
6031,savor
6034,scintilla
6035,scurvy
6036,searchingly
6037,secrete
6039,sedition
6041,semantic
6043,seraphic
6045,simultaneous
6047,skeptic
6050,slack
6052,slew
6054,sobriquet
6058,somatic
6062,spate
6063,spearhead
6065,spectrum
6066,speculate
6068,sportive
6071,standing
6072,stark
6073,stasis
6074,static
6075,status quo
6076,steeped
6077,stentorian
6078,stigma
6079,stingy
6080,stint
6081,stipulate
6082,stoic or stoical
6085,stratum
6086,strut
6087,stymie or stymy
6090,subpoena
6093,succeeding
6094,sully
6098,supposition
6102,surrogate
6105,symbiosis
6106,synchronous
6109,table
6110,tacit
6117,terrestrial
6119,timely
6122,toady
6123,token
6124,tome
6126,torrid
6146,unearth
6150,unsparing
6151,untempered
6153,usury
6155,vanguard
6160,verdant
6162,vernal
6165,via
6168,vim
6169,vintage
6170,virtual
6172,viscid or viscous
6177,voluble
6180,warranted
6183,whereas
6186,whitewash
6191,xenophobia
6192,yoke
6193,zeal
6535,astonishment
6543,biased
6552,canon
6553,capacity
6566,comprehensive
6570,consequential
6572,consumption
6580,craft
6587,deftness
6595,detachment
6596,determinant
6603,discern
6609,disregard
6622,eloquence
6631,equable
6646,exposition
6668,hedonism
6669,hierarchical
6670,homogenous
6677,impediment
6681,imprudence
6684,Inchoate
6685,inconclusive
6686,indebted
6689,infer
6692,Innocuous
6696,intensive
6697,intermediary
6703,invulnerable
6707,laud
6709,litigation
6713,magnanimity
6730,neglect
6742,olfactory
6743,omniscience
6746,opportunism
6763,perseverance
6766,phenomena
6779,preceded
6795,qualification
6797,rationalize
6801,relentless
6802,relevant
6812,satiate
6814,sediment
6827,sufficient
6828,superbly
6829,supine
6832,synthesize
7815,affected
7818,alchemy
7819,amalgamation
7824,amulet
7826,analgesic
7828,anthropocentrism
7835,ardor
7849,autonomy
7854,belfry
7861,bombast
7869,cabal
7876,cantankerous
7878,cartographer
7881,cathartic
7890,circumlocution
7907,corpulent
7913,culpable
7918,dalliance
7922,debutante
7925,deject
7929,demarcate
7936,despoiler
7950,disdain
7952,disillusion
7956,dissembler
7962,divert
7971,earnest
7985,embroil
7987,emissary
7993,enervated
8000,epistolary
8004,erudition
8021,explicator
8028,exuberant
8030,fallacy
8043,fomentation
8044,foppish
8048,foster
8063,gratuitous
8068,gustatory
8075,heretical
8083,idolatrous
8113,ingenue
8126,interlocutor
8136,invoke
8153,lapidary
8161,lexicography
8162,liberate
8178,malice
8185,matriarch
8188,melange
8193,meritocracy
8206,moratorium
8215,narcissist
8218,nefarious
8222,nihilism
8227,numismatic
8229,obfuscate
8236,obstructionist
8242,ominous
8248,oration
8253,ostensible
8256,pacify
8257,paean
8267,parenthetical
8275,patriarch
8278,pedagogical
8291,perspicacity
8296,philanthropist
8312,populist
8318,precis
8322,pretense
8328,prodigy
8330,progenitor
8331,proletarian
8341,pugilist
8348,putrefy
8349,quaff
8350,quell
8361,rebut
8371,remuneration
8384,revere
8385,reviler
8392,sage
8401,scoff
8407,sibilant
8413,solvent
8418,Spartan
8425,stevedore
8426,stifle
8437,succinct
8448,syncopated
8453,temperate
8475,venerated
8496,wraith
9100,abash
9109,acrid
9110,adherent
9113,adversity
9118,aggravate
9122,allege
9125,ambience
9130,amorous
9134,ancillary
9135,androgynous
9136,anesthetic
9140,antecedent
9141,anthology
9149,archetype
9153,arrest
9155,assimilate
9161,authoritarian
9165,avow
9167,belabor
9168,beleaguer
9175,bereave
9180,broach
9181,buff
9185,candor
9188,castigation
9193,centrifuge
9197,coercive
9200,color
9202,complaisance
9203,complement
9206,condemn
9207,condolence
9211,conspire
9215,contiguous
9217,convention
9219,conversion
9222,corrosion
9225,cower
9228,cultured
9233,damp
9236,debacle
9237,debased
9238,debauchery
9239,decibel
9240,decimate
9241,defer
9249,derision
9251,detraction
9252,deviance
9253,deviation
9254,diabolic
9264,discourse
9268,discretion
9270,disinterest
9273,dispersed
9277,distraught
9281,dynamo
9293,episodic
9308,expel
9310,extend
9315,fancy
9319,filibuster
9322,flip
9328,forswear
9329,forte
9331,founder
9332,fraud
9333,frugality
9339,gratis
9340,gratitude
9341,hankering
9355,improbable
9357,impunity
9360,incubation
9364,indignation
9367,inept
9368,inerrancy
9373,inopportune
9374,inquisitive
9377,intemperance
9381,introspection
9383,inured
9385,irony
9387,itinerate
9403,membrane
9404,metamorphose
9406,milk
9408,misappropriate
9431,ornery
9433,ostracism
9439,pedagogy
9442,penultimate
9446,perjury
9447,personable
9455,placebo
9456,plasticity
9459,plod
9462,pompous
9463,porous
9477,prone
9482,prune
9483,pursuant
9486,query
9487,queue
9489,rarefy
9493,reconciliation
9494,reconnaissance
9495,rectify
9502,renaissance
9510,resurrect
9511,retard
9515,rubric
9519,salve
9523,satire
9528,sedative
9529,serenity
9532,singular
9535,soliloquy
9537,somber
9545,stanza
9549,subliminal
9553,sundry
9562,tantalize
9563,tautology
9566,tenacity
9572,torque
9578,unfettered
9579,unremitting
9586,vigor
9589,vitality
9593,waft
9596,waver
9597,weather
10403,acarpous
10404,accession
10412,advent
10413,affective
10414,agape
10415,agglutination
10418,alloy
10419,amity
10431,arabesque
10437,assay
10438,asseverate
10442,attrition
10445,auspice
10448,axiomatic
10453,bedizen
10454,beget
10456,bilge
10457,blandish
10462,cachinnate
10466,calumniate
10471,caparison
10474,caret
10475,caterwauling
10476,cavil
10479,chasten
10481,chide
10485,cleave
10489,comely
10491,consonant
10493,contemn
10498,cozen
10502,defalcate
10506,deposition
10507,deprecate
10509,descant
10519,disaffect
10522,distention
10523,distrait
10527,dross
10528,dulcet
10529,ebullience
10530,edacious
10532,effluvia
10543,epithet
10544,eponymous
10546,equipoise
10550,essay
10552,evince
10558,expiate
10560,expostulate
10563,exscind
10571,felicitious
10573,filigree
10579,frieze
10588,gauntlet
10589,gawkishness
10591,gnostic
10593,grandiloquence
10599,guy
10601,hallow
10604,hectoring
10609,homiletics
10610,homily
10613,idyll
10619,impiety
10632,innervate
10635,insouciant
10636,interdict
10640,involute
10643,labile
10646,lambaste
10647,languorous
10652,levee
10655,limn
10657,list
10659,lubricious
10660,luculent
10665,maculate
10678,mince
10683,munificence
10686,natty
10690,nexus
10691,nice
10701,oscillation
10709,pandemic
10718,peregrination
10722,perigee
10725,peroration
10726,petrous
10730,pied
10733,pique
10736,plangent
10739,plumb
10741,portentious
10743,prate
10745,precept
10748,preen
10750,privation
10751,prize
10757,propinquity
10766,pullulation
10773,quay
10775,quiescence
10779,rail
10780,ramify
10781,rampart
10784,rebus
10786,recidivism
10788,reconnoiter
10789,recreant
10791,recumbent
10792,redolent
10795,regale
10796,rent
10797,repine
10802,rubicund
10803,runic
10807,sanatorium
10808,sanctimony
10816,seine
10819,sepulchral
10820,sidereal
10825,sodden
10826,solder
10831,soubriquet
10834,steep
10837,striated
10840,stupefy
10841,stygian
10846,suppliant
10847,supplicant
10851,tamp
10854,tetchy
10857,tonicity
10870,uncouth
10872,unfeigned
10880,vaunt
10883,veneration
10892,viturperate
10894,wag
10897,wend
10898,wheedle
